epoch,time,train/box_loss,train/cls_loss,train/dfl_loss,metrics/precision(B),metrics/recall(B),metrics/mAP50(B),metrics/mAP50-95(B),val/box_loss,val/cls_loss,val/dfl_loss,lr/pg0,lr/pg1,lr/pg2
1,1.24114,2.76703,4.19431,1.65391,0.01322,0.25755,0.03945,0.01237,2.18992,4.2416,1.39626,4e-05,4e-05,4e-05
2,1.85149,2.57606,4.18649,1.71096,0.00464,0.21997,0.04248,0.00882,2.03733,4.21743,1.32355,8.9109e-05,8.9109e-05,8.9109e-05
3,2.44422,2.27275,4.015,1.39605,0.00684,0.35589,0.0579,0.02391,1.8815,4.14636,1.20577,0.000137228,0.000137228,0.000137228
4,3.1425,1.88772,3.9404,1.13049,0.03183,0.74529,0.10997,0.04483,1.75174,4.17599,1.08881,0.000184357,0.000184357,0.000184357
5,3.75652,1.84459,3.72043,1.10437,0.02855,0.82027,0.11424,0.0509,1.72079,4.21014,1.06295,0.000230496,0.000230496,0.000230496
6,4.37265,1.84724,3.59063,1.04003,0.02242,0.89575,0.14681,0.06826,1.67283,4.16868,1.03919,0.000275645,0.000275645,0.000275645
7,5.02386,1.69387,3.40498,1.0833,0.01877,0.85444,0.17193,0.06706,1.55592,4.13076,0.99553,0.000319804,0.000319804,0.000319804
8,5.67771,1.60958,3.28366,1.03289,0.01877,0.85444,0.17193,0.06706,1.55592,4.13076,0.99553,0.000362973,0.000362973,0.000362973
9,6.32877,1.65292,3.20021,1.0165,0.01859,0.90761,0.19951,0.0801,1.43491,4.07708,0.95668,0.000405152,0.000405152,0.000405152
10,6.97994,1.60807,3.11911,1.07209,0.0192,0.94734,0.21777,0.09358,1.42884,3.95855,0.94891,0.000446341,0.000446341,0.000446341
11,7.59302,1.54185,2.80316,0.98077,0.0192,0.94734,0.21777,0.09358,1.42884,3.95855,0.94891,0.00048654,0.00048654,0.00048654
12,8.23791,1.55545,2.8704,1.00408,0.01729,0.88157,0.15403,0.05754,1.47194,3.82385,0.96229,0.000525749,0.000525749,0.000525749
13,8.87894,1.52476,2.73253,0.99597,0.01729,0.88157,0.15403,0.05754,1.47194,3.82385,0.96229,0.000563968,0.000563968,0.000563968
14,9.56472,1.52479,2.59482,1.00405,0.01729,0.88157,0.15403,0.05754,1.47194,3.82385,0.96229,0.000601197,0.000601197,0.000601197
15,10.2468,1.52247,2.58492,0.98827,0.42021,0.21053,0.29509,0.13286,1.40967,3.50921,0.95736,0.000637436,0.000637436,0.000637436
16,10.8864,1.448,2.38622,0.99551,0.42021,0.21053,0.29509,0.13286,1.40967,3.50921,0.95736,0.000672685,0.000672685,0.000672685
17,11.4977,1.46092,2.40004,0.9666,0.42021,0.21053,0.29509,0.13286,1.40967,3.50921,0.95736,0.000706944,0.000706944,0.000706944
18,12.1123,1.38134,2.12539,1.04193,0.97078,0.05643,0.37058,0.15847,1.42108,3.15106,1.04274,0.000740213,0.000740213,0.000740213
19,12.7512,1.42088,2.12982,1.00312,0.97078,0.05643,0.37058,0.15847,1.42108,3.15106,1.04274,0.000772492,0.000772492,0.000772492
20,13.3407,1.38846,2.10926,0.97485,0.97078,0.05643,0.37058,0.15847,1.42108,3.15106,1.04274,0.000803781,0.000803781,0.000803781
21,13.9327,1.40157,1.87786,1.00423,0.7574,0.32224,0.53777,0.2809,1.38057,2.53454,1.06485,0.000802,0.000802,0.000802
22,14.5164,1.34606,1.82159,0.96442,0.7574,0.32224,0.53777,0.2809,1.38057,2.53454,1.06485,0.0007921,0.0007921,0.0007921
23,15.1221,1.41588,2.03798,1.05956,0.7574,0.32224,0.53777,0.2809,1.38057,2.53454,1.06485,0.0007822,0.0007822,0.0007822
24,15.7444,1.46252,1.84053,1.03619,0.5493,0.62104,0.69197,0.3946,1.35001,1.9361,1.03087,0.0007723,0.0007723,0.0007723
25,16.332,1.34587,1.74454,0.97238,0.5493,0.62104,0.69197,0.3946,1.35001,1.9361,1.03087,0.0007624,0.0007624,0.0007624
26,16.9228,1.30639,1.7584,0.96633,0.5493,0.62104,0.69197,0.3946,1.35001,1.9361,1.03087,0.0007525,0.0007525,0.0007525
27,17.5807,1.29133,1.82067,1.01544,0.65044,0.73368,0.73003,0.43745,1.32999,1.65905,1.0442,0.0007426,0.0007426,0.0007426
28,18.1793,1.17815,1.60507,0.9339,0.65044,0.73368,0.73003,0.43745,1.32999,1.65905,1.0442,0.0007327,0.0007327,0.0007327
29,18.8115,1.29526,1.77845,1.03017,0.65044,0.73368,0.73003,0.43745,1.32999,1.65905,1.0442,0.0007228,0.0007228,0.0007228
30,19.4637,1.32264,1.76787,0.99734,0.58407,0.83241,0.79533,0.49484,1.36537,1.4821,1.08895,0.0007129,0.0007129,0.0007129
31,20.1187,1.29704,1.52337,0.96192,0.58407,0.83241,0.79533,0.49484,1.36537,1.4821,1.08895,0.000703,0.000703,0.000703
32,20.7321,1.22112,1.57557,0.96484,0.58407,0.83241,0.79533,0.49484,1.36537,1.4821,1.08895,0.0006931,0.0006931,0.0006931
33,21.3476,1.2706,1.45893,0.99282,0.58407,0.83241,0.79533,0.49484,1.36537,1.4821,1.08895,0.0006832,0.0006832,0.0006832
34,21.9857,1.21963,1.46078,1.00765,0.7181,0.87826,0.91524,0.62053,1.22909,1.29608,1.04578,0.0006733,0.0006733,0.0006733
35,22.6115,1.10246,1.47409,0.93955,0.7181,0.87826,0.91524,0.62053,1.22909,1.29608,1.04578,0.0006634,0.0006634,0.0006634
36,23.1831,1.1865,1.48372,1.00237,0.7181,0.87826,0.91524,0.62053,1.22909,1.29608,1.04578,0.0006535,0.0006535,0.0006535
37,23.8268,1.16765,1.46545,0.88857,0.7844,0.93381,0.96625,0.67064,1.14572,1.15296,1.0019,0.0006436,0.0006436,0.0006436
38,24.4894,1.10433,1.41631,0.93864,0.7844,0.93381,0.96625,0.67064,1.14572,1.15296,1.0019,0.0006337,0.0006337,0.0006337
39,25.0956,1.15773,1.36476,0.96786,0.7844,0.93381,0.96625,0.67064,1.14572,1.15296,1.0019,0.0006238,0.0006238,0.0006238
40,25.7182,1.09565,1.45382,0.95307,0.85263,0.91856,0.97626,0.70575,1.08925,1.07689,0.99293,0.0006139,0.0006139,0.0006139
41,26.3364,1.04697,1.3208,0.94651,0.85263,0.91856,0.97626,0.70575,1.08925,1.07689,0.99293,0.000604,0.000604,0.000604
42,26.968,1.07032,1.46138,0.93235,0.85263,0.91856,0.97626,0.70575,1.08925,1.07689,0.99293,0.0005941,0.0005941,0.0005941
43,27.6677,1.11875,1.36265,0.93196,0.8761,0.92828,0.98326,0.73221,1.01159,1.01675,0.96412,0.0005842,0.0005842,0.0005842
44,28.3289,1.02787,1.3455,0.96205,0.8761,0.92828,0.98326,0.73221,1.01159,1.01675,0.96412,0.0005743,0.0005743,0.0005743
45,29.0146,1.01285,1.23487,0.94791,0.8761,0.92828,0.98326,0.73221,1.01159,1.01675,0.96412,0.0005644,0.0005644,0.0005644
46,29.6583,1.06996,1.30194,0.93543,0.86148,0.98264,0.98942,0.70354,1.03419,0.98251,0.95555,0.0005545,0.0005545,0.0005545
47,30.2309,0.99266,1.20012,0.89912,0.86148,0.98264,0.98942,0.70354,1.03419,0.98251,0.95555,0.0005446,0.0005446,0.0005446
48,30.8165,1.00417,1.21209,0.91737,0.86148,0.98264,0.98942,0.70354,1.03419,0.98251,0.95555,0.0005347,0.0005347,0.0005347
49,31.39,1.03477,1.24481,0.92581,0.86148,0.98264,0.98942,0.70354,1.03419,0.98251,0.95555,0.0005248,0.0005248,0.0005248
50,32.0035,0.96226,1.20852,0.90262,0.86978,1,0.98952,0.73469,0.97273,0.93271,0.93421,0.0005149,0.0005149,0.0005149
51,32.616,1.02856,1.234,0.91847,0.86978,1,0.98952,0.73469,0.97273,0.93271,0.93421,0.000505,0.000505,0.000505
52,33.175,0.95962,1.18462,0.87741,0.86978,1,0.98952,0.73469,0.97273,0.93271,0.93421,0.0004951,0.0004951,0.0004951
53,33.7917,0.95094,1.17433,0.90256,0.90438,0.98669,0.99165,0.75196,0.92946,0.87568,0.92043,0.0004852,0.0004852,0.0004852
54,34.3806,0.9523,1.11395,0.90923,0.90438,0.98669,0.99165,0.75196,0.92946,0.87568,0.92043,0.0004753,0.0004753,0.0004753
55,35.0444,0.99922,1.12581,0.89935,0.90438,0.98669,0.99165,0.75196,0.92946,0.87568,0.92043,0.0004654,0.0004654,0.0004654
56,35.69,0.9817,1.14129,0.90923,0.94896,0.9732,0.99326,0.75618,0.89703,0.84517,0.90926,0.0004555,0.0004555,0.0004555
57,36.3419,0.95027,1.11648,0.91085,0.94896,0.9732,0.99326,0.75618,0.89703,0.84517,0.90926,0.0004456,0.0004456,0.0004456
58,36.9371,0.88027,1.06661,0.90696,0.94896,0.9732,0.99326,0.75618,0.89703,0.84517,0.90926,0.0004357,0.0004357,0.0004357
59,37.5888,0.95548,1.09233,0.9087,0.96247,0.97077,0.993,0.78557,0.85945,0.823,0.90357,0.0004258,0.0004258,0.0004258
60,38.212,0.89664,1.07653,0.90839,0.96247,0.97077,0.993,0.78557,0.85945,0.823,0.90357,0.0004159,0.0004159,0.0004159
61,38.8415,0.86597,1.01071,0.87489,0.96247,0.97077,0.993,0.78557,0.85945,0.823,0.90357,0.000406,0.000406,0.000406
62,39.5219,0.86758,1.05473,0.86644,0.95834,0.97648,0.99238,0.785,0.8482,0.84722,0.90112,0.0003961,0.0003961,0.0003961
63,40.1551,0.88401,1.0116,0.90165,0.95834,0.97648,0.99238,0.785,0.8482,0.84722,0.90112,0.0003862,0.0003862,0.0003862
64,40.7909,0.87109,1.05194,0.88302,0.95834,0.97648,0.99238,0.785,0.8482,0.84722,0.90112,0.0003763,0.0003763,0.0003763
65,41.4103,0.87612,1.12516,0.88568,0.95834,0.97648,0.99238,0.785,0.8482,0.84722,0.90112,0.0003664,0.0003664,0.0003664
66,42.0756,0.92636,1.01992,0.9022,0.96075,0.97238,0.99326,0.78486,0.81829,0.82334,0.89208,0.0003565,0.0003565,0.0003565
67,42.6738,0.90293,1.02756,0.89435,0.96075,0.97238,0.99326,0.78486,0.81829,0.82334,0.89208,0.0003466,0.0003466,0.0003466
68,43.3078,0.92185,1.01342,0.90654,0.96075,0.97238,0.99326,0.78486,0.81829,0.82334,0.89208,0.0003367,0.0003367,0.0003367
69,43.9082,0.82753,0.94731,0.85143,0.96781,0.97686,0.99326,0.81511,0.76207,0.77377,0.8791,0.0003268,0.0003268,0.0003268
70,44.5959,0.84553,1.05302,0.87932,0.96781,0.97686,0.99326,0.81511,0.76207,0.77377,0.8791,0.0003169,0.0003169,0.0003169
71,45.1973,0.85275,1.00781,0.87513,0.96781,0.97686,0.99326,0.81511,0.76207,0.77377,0.8791,0.000307,0.000307,0.000307
72,45.835,0.83806,0.98863,0.88305,0.9791,0.98313,0.99326,0.82886,0.73574,0.7513,0.87198,0.0002971,0.0002971,0.0002971
73,46.4446,0.85395,1.0297,0.90015,0.9791,0.98313,0.99326,0.82886,0.73574,0.7513,0.87198,0.0002872,0.0002872,0.0002872
74,47.0795,0.84736,0.99859,0.87486,0.9791,0.98313,0.99326,0.82886,0.73574,0.7513,0.87198,0.0002773,0.0002773,0.0002773
75,47.6958,0.89724,1.25121,0.9017,0.98219,0.98038,0.99326,0.83049,0.71243,0.72467,0.86866,0.0002674,0.0002674,0.0002674
76,48.4233,0.80119,1.01907,0.83177,0.98219,0.98038,0.99326,0.83049,0.71243,0.72467,0.86866,0.0002575,0.0002575,0.0002575
77,49.0957,0.83764,0.94558,0.88652,0.98219,0.98038,0.99326,0.83049,0.71243,0.72467,0.86866,0.0002476,0.0002476,0.0002476
78,49.758,0.7767,0.93534,0.88101,0.9813,0.98046,0.99326,0.8301,0.73141,0.70962,0.87016,0.0002377,0.0002377,0.0002377
79,50.3798,0.76665,0.90174,0.86343,0.9813,0.98046,0.99326,0.8301,0.73141,0.70962,0.87016,0.0002278,0.0002278,0.0002278
80,51.0021,0.72488,0.98572,0.86051,0.9813,0.98046,0.99326,0.8301,0.73141,0.70962,0.87016,0.0002179,0.0002179,0.0002179
81,51.6849,0.78403,0.99195,0.88093,0.9813,0.98046,0.99326,0.8301,0.73141,0.70962,0.87016,0.000208,0.000208,0.000208
82,52.3913,0.7969,0.95753,0.86852,0.97858,0.98103,0.99355,0.8523,0.69411,0.69191,0.86189,0.0001981,0.0001981,0.0001981
83,53.0724,0.73613,0.90718,0.85117,0.97858,0.98103,0.99355,0.8523,0.69411,0.69191,0.86189,0.0001882,0.0001882,0.0001882
84,53.7934,0.78927,0.98727,0.83167,0.97858,0.98103,0.99355,0.8523,0.69411,0.69191,0.86189,0.0001783,0.0001783,0.0001783
85,54.5303,0.75477,0.90216,0.84916,0.97643,0.99123,0.99355,0.86164,0.66003,0.67992,0.85721,0.0001684,0.0001684,0.0001684
86,55.1485,0.72207,0.89783,0.87216,0.97643,0.99123,0.99355,0.86164,0.66003,0.67992,0.85721,0.0001585,0.0001585,0.0001585
87,55.79,0.7886,0.96879,0.89149,0.97643,0.99123,0.99355,0.86164,0.66003,0.67992,0.85721,0.0001486,0.0001486,0.0001486
88,56.5104,0.74983,0.89957,0.84907,0.98186,0.98867,0.99421,0.85103,0.66289,0.67344,0.85614,0.0001387,0.0001387,0.0001387
89,57.2545,0.75954,0.89057,0.88027,0.98186,0.98867,0.99421,0.85103,0.66289,0.67344,0.85614,0.0001288,0.0001288,0.0001288
90,57.9972,0.82005,0.96639,0.85922,0.98186,0.98867,0.99421,0.85103,0.66289,0.67344,0.85614,0.0001189,0.0001189,0.0001189
91,59.3681,0.73871,0.8883,0.86926,0.98275,0.99123,0.99386,0.84695,0.6648,0.66339,0.85691,0.000109,0.000109,0.000109
92,60.1567,0.72566,0.89496,0.87595,0.98275,0.99123,0.99386,0.84695,0.6648,0.66339,0.85691,9.91e-05,9.91e-05,9.91e-05
93,60.925,0.69866,0.91347,0.88105,0.98275,0.99123,0.99386,0.84695,0.6648,0.66339,0.85691,8.92e-05,8.92e-05,8.92e-05
94,61.6952,0.7498,0.88457,0.85073,0.9857,0.99123,0.99326,0.84845,0.6761,0.66382,0.85974,7.93e-05,7.93e-05,7.93e-05
95,62.4343,0.73719,0.9248,0.86981,0.9857,0.99123,0.99326,0.84845,0.6761,0.66382,0.85974,6.94e-05,6.94e-05,6.94e-05
96,63.1898,0.77455,0.92362,0.86833,0.9857,0.99123,0.99326,0.84845,0.6761,0.66382,0.85974,5.95e-05,5.95e-05,5.95e-05
97,63.9583,0.74807,0.93493,0.83958,0.9857,0.99123,0.99326,0.84845,0.6761,0.66382,0.85974,4.96e-05,4.96e-05,4.96e-05
98,64.7867,0.75785,0.95549,0.89386,0.98708,0.99123,0.99326,0.84503,0.68621,0.6684,0.8614,3.97e-05,3.97e-05,3.97e-05
99,65.4995,0.7445,0.93522,0.88674,0.98708,0.99123,0.99326,0.84503,0.68621,0.6684,0.8614,2.98e-05,2.98e-05,2.98e-05
100,66.1827,0.72016,0.83262,0.8453,0.98708,0.99123,0.99326,0.84503,0.68621,0.6684,0.8614,1.99e-05,1.99e-05,1.99e-05
